대분류,소분류,품목,최종확인 년도,분류코드,개수,관리번호,자산번호,제조사,모델명,취득일,취득가,위치,세부위치,구분,책상 H-DE,의자 H-HM,서랍 H-DR
1. 해긴 비품 리스트,사무실&회의실,사무용 의자,2026년도,HM,10.0,001 ~ 010,H-HM-001 ~ 010,허먼밀러,AER1B22HW-0002,2023-08-01 00:00:00,1148400,39F 사무실,-,,,,
1. 해긴 비품 리스트,사무실&회의실,사무용 의자,2026년도,HM,52.0,011 ~ 062,H-HM-011 ~ 062,허먼밀러,AER1B22HW-0002,2023-08-01 00:00:00,1148400,38F 사무실,개발3팀,,,,
1. 해긴 비품 리스트,사무실&회의실,사무용 의자,2026년도,HM,12.0,063 ~ 074,H-HM-063 ~ 074,허먼밀러,AER1B22HW-0002,2023-08-01 00:00:00,1148400,38F 사무실,"서버팀, 개발실",,,,
1. 해긴 비품 리스트,사무실&회의실,사무용 의자,2026년도,HM,59.0,075 ~ 133,H-HM-75 ~ 133,허먼밀러,AER1B22HW-0002,2023-08-01 00:00:00,1148400,38F 사무실,개발 2팀,,,,
1. 해긴 비품 리스트,사무실&회의실,사무용 의자,2026년도,HM,46.0,134 ~ 180,H-HM-134 ~ 180,허먼밀러,AER1B22HW-0002,2023-08-01 00:00:00,1148400,39F 사무실,사업개발실,,,,
1. 해긴 비품 리스트,사무실&회의실,사무용 의자,2026년도,HM,29.0,181 ~ 210,H-HM-181 ~ 210,허먼밀러,AER1B22HW-0002,2023-08-01 00:00:00,1148400,39F 사무실,사업실,,,,
1. 해긴 비품 리스트,사무실&회의실,사무용 의자,2026년도,HM,13.0,211 ~ 223,H-HM-211 ~ 223,허먼밀러,AER1B22HW-0002,2023-08-01 00:00:00,1148400,39F 사무실,경영기획실,,,,
1. 해긴 비품 리스트,사무실&회의실,사무용 의자,2026년도,HM,83.0,224 ~ 304,H-HM-224 ~ 304,허먼밀러,AER1B22HW-0002,2023-08-01 00:00:00,1148400,40F 사무실,플투개발실,,,,
1. 해긴 비품 리스트,사무실&회의실,사무용 의자,2026년도,HM,75.0,305 ~ 379,H-HM-305 ~ 379,허먼밀러,AER1B22HW-0002,2023-08-01 00:00:00,1148400,40F 사무실,QA팀,,,,
1. 해긴 비품 리스트,사무실&회의실,사무용 의자,2026년도,HM,75.0,305 ~ 379,H-HM-305 ~ 379,허먼밀러,AER1B22HW-0002,2023-08-01 00:00:00,1148400,40F 사무실,QA팀,,,,
1. 해긴 비품 리스트,사무실&회의실,사무용 데스크,2026년도,DE,10.0,001 ~ 010,H-DE-001 ~ 010,퍼시스,FDD016CN,2023-08-01 00:00:00,236500,39F 사무실,-,,,,
1. 해긴 비품 리스트,사무실&회의실,사무용 데스크,2026년도,DE,52.0,011 ~ 062,H-DE-011 ~ 062,퍼시스,FDD016CN,2023-08-01 00:00:00,236500,38F 사무실,개발3팀,,,,
1. 해긴 비품 리스트,사무실&회의실,사무용 데스크,2026년도,DE,12.0,063 ~ 074,H-DE-063 ~ 074,퍼시스,FDD016CN,2023-08-01 00:00:00,236500,38F 사무실,"서버팀, 개발실",,,,
1. 해긴 비품 리스트,사무실&회의실,사무용 데스크,2026년도,DE,59.0,075 ~ 133,H-DE-075 ~ 133,퍼시스,FDD016CN,2023-08-01 00:00:00,236500,38F 사무실,개발 2팀,,,,
1. 해긴 비품 리스트,사무실&회의실,사무용 데스크,2026년도,DE,46.0,134 ~ 180,H-DE-134 ~ 180,퍼시스,FDD016CN,2023-08-01 00:00:00,236500,39F 사무실,사업개발실,,,,
1. 해긴 비품 리스트,사무실&회의실,사무용 데스크,2026년도,DE,29.0,181 ~ 210,H-DE-181 ~210,퍼시스,FDD016CN,2023-08-01 00:00:00,236500,39F 사무실,사업실,,,,
1. 해긴 비품 리스트,사무실&회의실,사무용 데스크,2026년도,DE,13.0,211 ~ 223,H-DE-211 ~ 223,퍼시스,FDD016CN,2023-08-01 00:00:00,236500,39F 사무실,경영기획실,,,,
1. 해긴 비품 리스트,사무실&회의실,사무용 데스크,2026년도,DE,83.0,224 ~ 304,H-DE-224 ~ 304,퍼시스,FDD016CN,2023-08-01 00:00:00,236500,40F 사무실,플투개발실,,,,
1. 해긴 비품 리스트,사무실&회의실,사무용 데스크,2026년도,DE,75.0,305 ~ 379,H-DE-305 ~ 379,퍼시스,FDD016CN,2023-08-01 00:00:00,236500,40F 사무실,QA팀,,,,
1. 해긴 비품 리스트,사무실&회의실,이동 서랍,2026년도,DR,10.0,001 ~ 010,H-DR-001 ~ 010,퍼시스,FDP0303 ,2023-08-01 00:00:00,118800,39F 사무실,-,,,,
1. 해긴 비품 리스트,사무실&회의실,이동 서랍,2026년도,DR,52.0,011 ~ 062,H-DR-011 ~ 062,퍼시스,FDP0303 ,2023-08-01 00:00:00,118800,38F 사무실,개발3팀,,,,
1. 해긴 비품 리스트,사무실&회의실,이동 서랍,2026년도,DR,12.0,063 ~ 074,H-DR-063 ~ 074,퍼시스,FDP0303,2023-08-01 00:00:00,118800,38F 사무실,"서버팀, 개발실",,,,
1. 해긴 비품 리스트,사무실&회의실,이동 서랍,2026년도,DR,59.0,075 ~ 133,H-DR-075 ~ 133,퍼시스,FDP0303,2023-08-01 00:00:00,118800,38F 사무실,개발 2팀,,,,
1. 해긴 비품 리스트,사무실&회의실,이동 서랍,2026년도,DR,46.0,134 ~ 180,H-DR-134 ~ 180,퍼시스,FDP0303,2023-08-01 00:00:00,118800,39F 사무실,사업개발실,,,,
1. 해긴 비품 리스트,사무실&회의실,이동 서랍,2026년도,DR,29.0,181 ~ 210,H-DR-181 ~ 210,퍼시스,FDP0303,2023-08-01 00:00:00,118800,39F 사무실,사업실,,,,
1. 해긴 비품 리스트,사무실&회의실,이동 서랍,2026년도,DR,13.0,211 ~ 223,H-DR-211 ~ 223,퍼시스,FDP0303,2023-08-01 00:00:00,118800,39F 사무실,경영기획실,,,,
1. 해긴 비품 리스트,사무실&회의실,이동 서랍,2026년도,DR,83.0,224 ~ 304,H-DR-224 ~ 304,퍼시스,FDP0303,2023-08-01 00:00:00,118800,40F 사무실,플투개발실,,,,
1. 해긴 비품 리스트,사무실&회의실,이동 서랍,2026년도,DR,75.0,305 ~ 379,H-DR-305 ~ 379,퍼시스,FDP0303,2023-08-01 00:00:00,118800,40F 사무실,QA팀,,,,
1. 해긴 비품 리스트,사무실&회의실,회의용 의자,2026년도,CC,17.0,001 ~ 017,H-CC-011 ~ 017,퍼시스,CH0015 (색상 371F),2022-09-01 00:00:00,,38F 회의실,C381,,,,
1. 해긴 비품 리스트,사무실&회의실,회의용 의자,2026년도,CC,7.0,018 ~ 021,H-CC-018 ~ 021,퍼시스,소파의자 (색상 그레이),2022-09-01 00:00:00,,38F 회의실,C381,,,,
1. 해긴 비품 리스트,사무실&회의실,회의용 의자,2026년도,CC,13.0,022 ~ 034,H-CC-022 ~ 034,퍼시스,CH0015 (색상 371F),2022-09-01 00:00:00,,38F 회의실,C383,,,,
1. 해긴 비품 리스트,사무실&회의실,회의용 의자,2026년도,CC,12.0,035 ~ 046,H-CC-035 ~ 046,퍼시스,CH0015 (색상 371F),2022-09-01 00:00:00,,38F 회의실,C384,,,,
1. 해긴 비품 리스트,사무실&회의실,회의용 의자,2026년도,CC,1.0,047,H-CC-047,퍼시스,CH4700AH (색상 블랙),2022-09-01 00:00:00,,39F 회의실,C391,,,,
1. 해긴 비품 리스트,사무실&회의실,회의용 의자,2026년도,CC,14.0,048 ~ 061,H-CC-048 ~ 061,퍼시스,CHN6100WRA (색상 2D18),2022-09-01 00:00:00,,39F 회의실,C391,,,,
1. 해긴 비품 리스트,사무실&회의실,회의용 의자,2026년도,CC,8.0,062 ~ 069,H-CC-062 ~ 069,퍼시스,CH0015 (색상 371F),2022-09-01 00:00:00,,39F 회의실,C392,,,,
1. 해긴 비품 리스트,사무실&회의실,회의용 의자,2026년도,CC,7.0,070 ~ 076,H-CC-070 ~ 076,퍼시스,CH0015 (색상 371F),2022-09-01 00:00:00,,39F 회의실,C393,,,,
1. 해긴 비품 리스트,사무실&회의실,회의용 의자,2026년도,CC,11.0,077 ~ 087,H-CC-077 ~ 087,퍼시스,CH0015 (색상 371F),2022-09-01 00:00:00,,39F 회의실,C394,,,,
1. 해긴 비품 리스트,사무실&회의실,회의용 의자,2026년도,CC,12.0,088 ~ 099,H-CC-088 ~ 099,퍼시스,CH0015 (색상 371F),2023-03-01 00:00:00,,40F 회의실,C401,,,,
1. 해긴 비품 리스트,사무실&회의실,회의용 의자,2026년도,CC,4.0,100 ~ 103,H-CC-100 ~ 103,퍼시스,CH0015 (색상 371F),2023-03-01 00:00:00,,40F 회의실,C402,,,,
1. 해긴 비품 리스트,사무실&회의실,회의용 의자,2026년도,CC,16.0,104 ~ 119,H-CC-104 ~ 119,퍼시스,CH0015 (색상 371F),2023-03-01 00:00:00,,40F 회의실,C403,,,,
1. 해긴 비품 리스트,사무실&회의실,회의용 의자,2026년도,CC,7.0,120 ~ 126,H-CC-120 ~ 126,퍼시스,소파의자 (색상 그레이),2023-03-01 00:00:00,,40F 회의실,C403,,,,
1. 해긴 비품 리스트,사무실&회의실,회의용 데스크,2026년도,CD,2.0,001 ~ 002,H-CD-001~002,퍼시스,CCR156CATX (W2000 X 2),2022-09-01 00:00:00,-,38F 회의실,C381,,,,
1. 해긴 비품 리스트,사무실&회의실,회의용 데스크,2026년도,CD,1.0,003,H-CD-003,퍼시스,CCR156CATX (W1600),2022-09-01 00:00:00,-,38F 회의실,C381,,,,
1. 해긴 비품 리스트,사무실&회의실,회의용 데스크,2026년도,CD,2.0,004 ~ 005,H-CD-004 ~ 005,퍼시스,CCR140CAT (W2000 X 2),2022-09-01 00:00:00,-,38F 회의실,C383,,,,
1. 해긴 비품 리스트,사무실&회의실,회의용 데스크,2026년도,CD,2.0,006 ~ 007,H-CD-006 ~ 007,퍼시스,CCR140CAT (W2000 X 2),2022-09-01 00:00:00,-,38F 회의실,C384,,,,
1. 해긴 비품 리스트,사무실&회의실,회의용 데스크,2026년도,CD,1.0,008,H-CD-008,퍼시스,주문제작 (W6400 X 1200 X 720),2022-09-01 00:00:00,-,39F 회의실,C391,,,,
1. 해긴 비품 리스트,사무실&회의실,회의용 데스크,2026년도,CD,2.0,009 ~ 010,H-CD-009 ~ 010,퍼시스,CCR120CAT (W1400 X 2),2022-09-01 00:00:00,-,39F 회의실,C392,,,,
1. 해긴 비품 리스트,사무실&회의실,회의용 데스크,2026년도,CD,1.0,011,H-CD-011,퍼시스,CCR120CAT (W2000),2022-09-01 00:00:00,-,39F 회의실,C393,,,,
1. 해긴 비품 리스트,사무실&회의실,회의용 데스크,2026년도,CD,2.0,012 ~ 013,H-CD-012 ~ 013,퍼시스,CCR128CAT (W1600 X 2),2022-09-01 00:00:00,-,39F 회의실,C394,,,,
1. 해긴 비품 리스트,사무실&회의실,회의용 데스크,2026년도,CD,2.0,014 ~ 015,H-CD-014 ~ 015,퍼시스,CCR140CATX (W2000 X 2),2023-03-01 00:00:00,-,40F 회의실,C401,,,,
1. 해긴 비품 리스트,사무실&회의실,회의용 데스크,2026년도,CD,1.0,016,H-CD-016,퍼시스,CCR016CAT (W1600),2023-03-01 00:00:00,-,40F 회의실,C402,,,,
1. 해긴 비품 리스트,사무실&회의실,회의용 데스크,2026년도,CD,4.0,017 ~ 020,H-CD-017 ~ 020,퍼시스,CCR156CATX (W1400 X 4),2023-03-01 00:00:00,-,40F 회의실,C403,,,,
1. 해긴 비품 리스트,사무실&회의실,공기청정기(대),2026년도,AR,4.0,001 ~ 004,H-AR-001 ~ 004,LG,AS280DWFC,-,-,38F 사무실,,,,,
1. 해긴 비품 리스트,사무실&회의실,공기청정기(대),2026년도,AR,4.0,005 ~ 008,H-AR-005 ~ 008,LG,AS280DWFC,2023-02-01 00:00:00,700000,39F 사무실,,,,,
1. 해긴 비품 리스트,사무실&회의실,공기청정기(대),2026년도,AR,5.0,009 ~ 013,H-AR-009 ~ 013,LG,AS280DWFC,2022-09-01 00:00:00,800000,40F 사무실,,,,,
1. 해긴 비품 리스트,사무실&회의실,공기청정기(소),2026년도,AR,1.0,001,H-AR-014,LG,AS153HWWC,2022-11-01 00:00:00,-,39F,탕비실,,,,
1. 해긴 비품 리스트,사무실&회의실,공기청정기(중),2026년도,AR,3.0,001 ~ 003,H-AR-015 ~017,삼성,AX60N5580WWD,2018,-,39F 사무실,,,,,
1. 해긴 비품 리스트,사무실&회의실,공기청정기(중대),2026년도,AR,1.0,001,H-AR-018,삼성,AX80M7580WFD,2018,-,40F 사무실,,,,,
1. 해긴 비품 리스트,사무실&회의실,가습기,2026년도,AH,5.0,001 ~ 005,H-AH-001 ~ 005,로엘전자,마스터헥사코어,2022-11-01 00:00:00,248900,38F 사무실,,,,,
1. 해긴 비품 리스트,사무실&회의실,가습기,2026년도,AH,4.0,006 ~ 009,H-AH-006 ~ 009,로엘전자,마스터헥사코어,2022-11-01 00:00:00,248900,39F 사무실,,,,,
1. 해긴 비품 리스트,사무실&회의실,가습기,2026년도,AH,4.0,010 ~ 013,H-AH-010 ~ 013,로엘전자,마스터 대용량 가습기,2023-03-01 00:00:00,179000,40F 사무실,,,,,
1. 해긴 비품 리스트,사무실&회의실,빔 프로젝터,2026년도,BP,1.0,001,H-BP-001,벤큐,BenQ MH741,2019-09-01 00:00:00,1450000,39F,C391,,,,
1. 해긴 비품 리스트,사무실&회의실,,2026년도,BP,1.0,002,H-BP-002,뷰소닉,VX350-4K,2025-06-01 00:00:00,1390000,40F,C403,,,,
1. 해긴 비품 리스트,사무실&회의실,회의실 TV,2026년도,TV,1.0,001,H-TV-001,삼성전자,LH75BEAHLBFXKR (75인치),-,1514630,38F,C381,,,,
1. 해긴 비품 리스트,사무실&회의실,회의실 TV,2026년도,TV,1.0,002,H-TV-002,삼성전자,LH43BEAH (43인치),-,511610,38F,C382,,,,
1. 해긴 비품 리스트,사무실&회의실,회의실 TV,2026년도,TV,1.0,003,H-TV-003,주연테크,ZEN UN650 (65인치),2017-10-01 00:00:00,741610,38F,C383,,,,
1. 해긴 비품 리스트,사무실&회의실,회의실 TV,2026년도,TV,1.0,004,H-TV-004,삼성전자,UN65NU7050FXKR (65인치),2019/09,1399000,38F,C384,,,,
1. 해긴 비품 리스트,사무실&회의실,회의실 TV,2026년도,TV,1.0,005,H-TV-005,삼성전자,UN65NU7050FXKR (65인치),2019-09-01 00:00:00,1399000,39F,C392,,,,
1. 해긴 비품 리스트,사무실&회의실,회의실 TV,2026년도,TV,1.0,006,H-TV-006,주연테크,ZEN UN550 (55인치),2017-12-01 00:00:00,520010,39F,C393,,,,
1. 해긴 비품 리스트,사무실&회의실,회의실 TV,2026년도,TV,1.0,007,H-TV-007,삼성전자,UN65NU7050FXKR (65인치),2019-09-01 00:00:00,1399000,39F,C394,,,,
1. 해긴 비품 리스트,사무실&회의실,회의실 TV,2026년도,TV,1.0,008,H-TV-008,삼성전자,LH65BEAHLBFXKR (65인치),-,1029610,40F,C401,,,,
1. 해긴 비품 리스트,사무실&회의실,회의실 TV,2026년도,TV,1.0,009,H-TV-009,삼성전자,LH55BEAH (55인치),-,809610,40F,C402,,,,
1. 해긴 비품 리스트,사무실&회의실,회의실 TV,2026년도,TV,1.0,010,H-TV-010,삼성전자,LH75BEAHLBFXKR (75인치),-,1514630,40F,C403,,,,
1. 해긴 비품 리스트,사무실&회의실,MEET UP,2026년도,MU,3.0,001 ~ 003,H-MU-1 ~ 3,로지텍,,2022-09-01 00:00:00,1990000,39F 회의실,,,,,
1. 해긴 비품 리스트,사무실&회의실,파티션 (전면부),2026년도,-,76.0,-,-,퍼시스,LF0162,2023-08-01 00:00:00,173800,38F 사무실,-,,,,
1. 해긴 비품 리스트,사무실&회의실,파티션 (전면부),2026년도,-,56.0,-,-,퍼시스,LF0162,2023-08-01 00:00:00,173800,39F 사무실,-,,,,
1. 해긴 비품 리스트,사무실&회의실,파티션 (전면부),2026년도,-,91.0,-,-,퍼시스,LF0162,2023-08-01 00:00:00,173800,40F 사무실,-,,,,
1. 해긴 비품 리스트,사무실&회의실,파티션 (측면부),2026년도,-,107.0,-,-,퍼시스,LF0082,2023-08-01 00:00:00,101200,38F 사무실,-,,,,
1. 해긴 비품 리스트,사무실&회의실,파티션 (측면부),2026년도,-,76.0,-,-,퍼시스,LF0082,2023-08-01 00:00:00,101200,39F 사무실,-,,,,
1. 해긴 비품 리스트,사무실&회의실,파티션 (측면부),2026년도,-,124.0,-,-,퍼시스,LF0082,2023-08-01 00:00:00,101200,40F 사무실,-,,,,
1. 해긴 비품 리스트,사무실&회의실,스파이더x프로,2026년도,,1.0,,-,데이터컬러,스파이더x프로,2024-03-01 00:00:00,253000,경기실,,,,,
1. 해긴 비품 리스트,사무실&회의실,넷기어 공유기,2026년도,,1.0,,-,NETGEAR,나이트호크 X6,-,-,38F 창고,이원근 이사님 대여,,,,
1. 해긴 비품 리스트,사무실&회의실,메타 퀘스트3,2026년도,-,1.0,-,-,META,META QUEST3,2025-11-01 00:00:00,"729,.000 ",개발실,신호윤 상무님 지급,,,,
1. 해긴 비품 리스트,사무실&회의실,ipTIME 공유기,2026년도,-,1.0,-,-,ipTIME,A3004NS-M,-,-,QA팀,QA팀 사용,,,,
1. 해긴 비품 리스트,사무실&회의실,"포칼 소프라 No3 + 네임 NCS222, NAP250",2026년도,-,1.0,-,-,"포칼, 네임","소프라 No.3 / 네임 NCS222, NAP250",-,-,CEO실,CEO 사용,,,,
1. 해긴 비품 리스트,사무실&회의실,CA-701 디지털 피아노,2026년도,-,1.0,-,-,가와이,CA-701,-,-,CEO실,CEO 사용,,,,
1. 해긴 비품 리스트,사무실&회의실,스팀덱 512GB,2026년도,-,1.0,-,-,코모도,Steam Deck - 512GB OLED  ,-,-,경영기획실,이원근 이사님 지급,,,,
1. 해긴 비품 리스트,휴게실 및 기타,프린터,2026년도,OA,1.0,1,1,삼성,SL-M2870FW,2018,-,39F 사무실,OA실,,,,
1. 해긴 비품 리스트,휴게실 및 기타,프린터,2026년도,OA,1.0,2,2,,,2018,-,38F 사무실,회의실 옆,,,,
1. 해긴 비품 리스트,휴게실 및 기타,프린터,2026년도,OA,1.0,3,3,,,2018,-,38F 사무실,OA실,,,,
1. 해긴 비품 리스트,휴게실 및 기타,프린터,2026년도,OA,1.0,4,4,,SL-C1404W,2022-09-01 00:00:00,233870,39F 사무실,OA실,,,,
1. 해긴 비품 리스트,휴게실 및 기타,프린터,2026년도,OA,1.0,5,5,,,2018,-,38F 사무실,OA실,,,,
1. 해긴 비품 리스트,휴게실 및 기타,프린터,2026년도,OA,1.0,6,6,,,2022-02-01 00:00:00,227470,40F 사무실,OA실,,,,
1. 해긴 비품 리스트,휴게실 및 기타,프린터,2026년도,OA,1.0,7,7,,SL-M2893FW,2022-09-01 00:00:00,263390,39F 사무실,경기실,,,,
1. 해긴 비품 리스트,휴게실 및 기타,프린터,2026년도,OA,1.0,8,8,,,2022-02-01 00:00:00,231900,40F 사무실,OA실,,,,
1. 해긴 비품 리스트,휴게실 및 기타,프린터,2026년도,OA,1.0,9,9,,,2022-02-01 00:00:00,231900,40F 사무실,회의실 옆,,,,
1. 해긴 비품 리스트,휴게실 및 기타,천공기,2026년도,OA,1.0,10,10,코파스,JUMBO KP-7,2018,-,39F 사무실,경기실,,,,
1. 해긴 비품 리스트,휴게실 및 기타,안마의자,2026년도,SL,1.0,1,1,파나소닉,EP-MA32,2022-09-01 00:00:00,2600000,38F 휴게실,R382,,,,
1. 해긴 비품 리스트,휴게실 및 기타,안마의자,2026년도,SL,1.0,2,2,,,2022-09-01 00:00:00,2600000,38F 휴게실,R383,,,,
1. 해긴 비품 리스트,휴게실 및 기타,안마의자,2026년도,SL,1.0,3,3,,,2022-09-01 00:00:00,2600000,38F 휴게실,R392,,,,
1. 해긴 비품 리스트,휴게실 및 기타,안마의자,2026년도,SL,1.0,4,4,,,2022-09-01 00:00:00,2600000,39F 휴게실,R393,,,,
1. 해긴 비품 리스트,휴게실 및 기타,안마의자,2026년도,SL,1.0,5,5,,,2023-03-01 00:00:00,2600000,40F 휴게실,R402,,,,
1. 해긴 비품 리스트,휴게실 및 기타,안마의자,2026년도,SL,1.0,6,6,,,2023-03-01 00:00:00,2600000,40F 휴게실,R403,,,,
1. 해긴 비품 리스트,휴게실 및 기타,안마의자,2026년도,SL,1.0,20,H-SL-020,,MAK1,2022-09-01 00:00:00,7400000,39F,CEO실,,,,
1. 해긴 비품 리스트,휴게실 및 기타,리클라이너,2026년도,SL,1.0,7,7,시트앤모어,NEW버클리 1인,2022-09-01 00:00:00,750000,R391,R391,,,,
1. 해긴 비품 리스트,휴게실 및 기타,리클라이너,2026년도,SL,1.0,8,8,시트앤모어,NEW버클리 1인,2023-03-01 00:00:00,750000,R401,R401,,,,
1. 해긴 비품 리스트,휴게실 및 기타,리클라이너,2026년도,SL,1.0,9,9,시트앤모어,샬롯 1인,2022-09-01 00:00:00,750000,R381,R381,,,,
1. 해긴 비품 리스트,휴게실 및 기타,리클라이너,2026년도,SL,1.0,10,H-SL-010,레벤,우디 리클라이너,-,-,39F 경기실,39F 경기실,,,,
1. 해긴 비품 리스트,휴게실 및 기타,리클라이너,2026년도,SL,1.0,21,H-SL-021,쏘홈,판도라 전동 1인,2022-09-01 00:00:00,1146000,CEO실,CEO실,,,,
1. 해긴 비품 리스트,휴게실 및 기타,리클라이너,2026년도,SL,1.0,22,H-SL-022,쏘홈,판도라 전동 1인,2022-08-01 00:00:00,1146000,CEO실,CEO실,,,,
1. 해긴 비품 리스트,휴게실 및 기타,휴게실 테이블,2026년도,SL,1.0,11,H-SL-011,코멧,사이드 테이블,2022-10-01 00:00:00,16990,38F 휴게실,R381,,,,
1. 해긴 비품 리스트,휴게실 및 기타,휴게실 테이블,2026년도,SL,1.0,12,H-SL-012,코멧,사이드 테이블,2022-10-01 00:00:00,16990,38F 휴게실,R382,,,,
1. 해긴 비품 리스트,휴게실 및 기타,휴게실 테이블,2026년도,SL,1.0,13,H-SL-013,코멧,사이드 테이블,2022-10-01 00:00:00,16990,38F 휴게실,R383,,,,
1. 해긴 비품 리스트,휴게실 및 기타,휴게실 테이블,2026년도,SL,1.0,14,H-SL-014,코멧,사이드 테이블,2022-10-01 00:00:00,16990,39F 휴게실,R391,,,,
1. 해긴 비품 리스트,휴게실 및 기타,휴게실 테이블,2026년도,SL,1.0,15,H-SL-015,코멧,사이드 테이블,2022-10-01 00:00:00,16990,39F 휴게실,R392,,,,
1. 해긴 비품 리스트,휴게실 및 기타,휴게실 테이블,2026년도,SL,1.0,16,H-SL-016,코멧,사이드 테이블,2022-10-01 00:00:00,16990,39F 휴게실,R393,,,,
1. 해긴 비품 리스트,휴게실 및 기타,휴게실 테이블,2026년도,SL,1.0,17,H-SL-017,코멧,사이드 테이블,2023-03-01 00:00:00,16990,40F 휴게실,R401,,,,
1. 해긴 비품 리스트,휴게실 및 기타,휴게실 테이블,2026년도,SL,1.0,18,H-SL-018,코멧,사이드 테이블,2023-03-01 00:00:00,16990,40F 휴게실,R402,,,,
1. 해긴 비품 리스트,휴게실 및 기타,휴게실 테이블,2026년도,SL,1.0,19,H-SL-019,코멧,사이드 테이블,2023-03-01 00:00:00,16990,40F 휴게실,R403,,,,
1. 해긴 비품 리스트,휴게실 및 기타,캐비닛,2026년도,CB,1.0,1,H-CB-001,퍼시스,전자 캐비닛,2022-09-01 00:00:00,383900,39F 사무실,경기실,,,,
1. 해긴 비품 리스트,휴게실 및 기타,캐비닛,2026년도,CB,1.0,2,H-CB-002,퍼시스,전자 캐비닛,2022-09-01 00:00:00,383900,39F 사무실,경기실,,,,
1. 해긴 비품 리스트,휴게실 및 기타,캐비닛,2026년도,CB,1.0,3,H-CB-003,퍼시스,오픈 캐비닛,2022-09-01 00:00:00,210100,39F 사무실,경기실,,,,
1. 해긴 비품 리스트,휴게실 및 기타,소화기,2026년도,FE,1.0,1,H-FE-001,한국소방,ABC 분말소화기,2022-04-01 00:00:00,17500,38F 사무실,C381 부근 기둥,,,,
1. 해긴 비품 리스트,휴게실 및 기타,소화기,2026년도,FE,1.0,2,H-FE-002,한국소방,ABC 분말소화기,2022-04-01 00:00:00,17500,38F 사무실,화장실 복도 커브,,,,
1. 해긴 비품 리스트,휴게실 및 기타,소화기,2026년도,FE,1.0,3,H-FE-003,한국소방,ABC 분말소화기,2022-04-01 00:00:00,17500,38F 사무실,임경표님 뒤,,,,
1. 해긴 비품 리스트,휴게실 및 기타,소화기,2026년도,FE,1.0,4,H-FE-004,한국소방,ABC 분말소화기,2022-04-01 00:00:00,17500,38F 사무실,창고부근 사무공간,,,,
1. 해긴 비품 리스트,휴게실 및 기타,소화기,2026년도,FE,1.0,5,H-FE-005,한국소방,ABC 분말소화기,2022-04-01 00:00:00,17500,39F 사무실,마케팅팀 뒤,,,,
1. 해긴 비품 리스트,휴게실 및 기타,소화기,2026년도,FE,1.0,6,H-FE-006,한국소방,ABC 분말소화기,2022-04-01 00:00:00,17500,39F 사무실,벙커 부근 코너,,,,
1. 해긴 비품 리스트,휴게실 및 기타,소화기,2026년도,FE,1.0,7,H-FE-007,한국소방,ABC 분말소화기,2022-04-01 00:00:00,17500,40F 사무실,편의점 앞,,,,
1. 해긴 비품 리스트,휴게실 및 기타,소화기,2026년도,FE,1.0,8,H-FE-008,한국소방,ABC 분말소화기,2022-04-01 00:00:00,17500,38F 창고,,,,,
1. 해긴 비품 리스트,휴게실 및 기타,소화기,2026년도,FE,1.0,9,H-FE-009,한국소방,ABC 분말소화기,2022-04-01 00:00:00,17500,38F 창고,,,,,
1. 해긴 비품 리스트,휴게실 및 기타,소화기,2026년도,FE,1.0,10,H-FE-010,한국소방,ABC 분말소화기,2022-04-01 00:00:00,17500,38F 창고,,,,,
1. 해긴 비품 리스트,계절용품,윈드바이저,2026년도,-,270.0,-,,신우공조,-,2023-07-01 00:00:00,11500,각 층 사무실,냉난방기 설치,,,,
1. 해긴 비품 리스트,계절용품,탁상용 가습기,2026년도,SH,1.0,001,H-SH-001,윤남텍,YN-101,-,82000,사무데스크,박도열,,,,
1. 해긴 비품 리스트,계절용품,탁상용 가습기,2026년도,SH,1.0,002,H-SH-002,윤남텍,YN-101,-,82000,사무데스크,경영기획실,,,,
1. 해긴 비품 리스트,계절용품,탁상용 가습기,2026년도,SH,1.0,003,H-SH-003,윤남텍,YN-101,-,82000,사무데스크,최태환,,,,
1. 해긴 비품 리스트,계절용품,탁상용 가습기,2026년도,SH,1.0,004,H-SH-004,윤남텍,YN-101,-,82000,사무데스크,김예은,,,,
1. 해긴 비품 리스트,계절용품,탁상용 가습기,2026년도,SH,1.0,005,H-SH-005,윤남텍,YN-101,-,82000,사무데스크,오다혜,,,,
1. 해긴 비품 리스트,계절용품,탁상용 가습기,2026년도,SH,1.0,006,H-SH-006,윤남텍,YN-101,-,82000,사무데스크,차송원,,,,
1. 해긴 비품 리스트,계절용품,탁상용 가습기,2026년도,SH,1.0,007,H-SH-007,윤남텍,YN-101,-,82000,사무데스크,김진아,,,,
1. 해긴 비품 리스트,계절용품,탁상용 가습기,2026년도,SH,1.0,008,H-SH-008,윤남텍,YN-101,-,82000,사무데스크,박민규,,,,
1. 해긴 비품 리스트,계절용품,탁상용 가습기,2026년도,SH,1.0,009,H-SH-009,윤남텍,YN-101,-,82000,사무데스크,박민규,,,,
1. 해긴 비품 리스트,계절용품,탁상용 가습기,2026년도,SH,1.0,010,H-SH-010,윤남텍,YN-101,-,82000,사무데스크,김민정,,,,
1. 해긴 비품 리스트,계절용품,탁상용 가습기,2026년도,SH,1.0,011,H-SH-011,윤남텍,YN-101,-,82000,사무데스크,손효주,,,,
1. 해긴 비품 리스트,계절용품,탁상용 가습기,2026년도,SH,1.0,012,H-SH-012,윤남텍,YN-101,-,82000,사무데스크,이다영,,,,
1. 해긴 비품 리스트,계절용품,탁상용 가습기,2026년도,SH,1.0,013,H-SH-013,윤남텍,YN-101,-,82000,사무데스크,소혜인,,,,
1. 해긴 비품 리스트,계절용품,탁상용 가습기,2026년도,SH,1.0,014,H-SH-014,윤남텍,YN-101,-,82000,사무데스크,안솔빈,,,,
1. 해긴 비품 리스트,계절용품,탁상용 가습기,2026년도,SH,1.0,016,H-SH-016,윤남텍,YN-101,-,82000,사무데스크,김정호,,,,
1. 해긴 비품 리스트,계절용품,선풍기,2026년도,EF,1.0,001,H-EF-001,신일,SIF-S10BR,,51300,39F,CEO실,,,,
1. 해긴 비품 리스트,계절용품,선풍기,2026년도,EF,1.0,002,H-EF-002,신일,SIF-S10BR,,51300,39F,C391 벽장,,,,
1. 해긴 비품 리스트,계절용품,선풍기,2026년도,EF,1.0,003,H-EF-003,유니맥스,UMF-20777C,,25480,,38F 서버실,,,,
1. 해긴 비품 리스트,계절용품,선풍기,2026년도,EF,1.0,004,H-EF-004,신일,SIF-F16TK,,64400,,40층 플투실,,,,
1. 해긴 비품 리스트,계절용품,선풍기,2026년도,EF,1.0,005,H-EF-005,삼성,SFN-R23DSWH,,187060,,38F 서버실,,,,
1. 해긴 비품 리스트,계절용품,선풍기,2026년도,EF,1.0,006,H-EF-006,삼성,SFN-K40RT,,-,,38F 서버실,,,,
1. 해긴 비품 리스트,계절용품,선풍기,2026년도,EF,1.0,007,H-EF-007,마이프렌드,MF-4200TS,,98000,,39F C391,,,,
1. 해긴 비품 리스트,계절용품,선풍기,2026년도,EF,1.0,008,H-EF-008,신일,SIF-P15CU,,76490,,38F 개발2팀,,,,
1. 해긴 비품 리스트,계절용품,선풍기,2026년도,EF,1.0,009,H-EF-009,신일,SIF-P15CU,,76490,,40F QA팀,,,,
1. 해긴 비품 리스트,계절용품,선풍기,2026년도,EF,1.0,010,H-EF-010,신일,SIF-P15CU,,76490,,40F,,,,
1. 해긴 비품 리스트,계절용품,선풍기,2026년도,EF,1.0,011,H-EF-011,신일,SIF-P15CU,,76490,,40F,,,,
1. 해긴 비품 리스트,계절용품,선풍기,2026년도,EF,1.0,012,H-EF-012,신일,SIF-P15CU,,76490,,40F,,,,
1. 해긴 비품 리스트,계절용품,선풍기,2026년도,EF,1.0,013,H-EF-013,신일,SIF-P15CU,,76490,,40F,,,,
1. 해긴 비품 리스트,계절용품,선풍기,2026년도,EF,1.0,014,H-EF-014,신일,SIF-P15CU,,76490,,40F,,,,
1. 해긴 비품 리스트,계절용품,선풍기,2026년도,EF,1.0,015,H-EF-015,르젠,LZEF-DC290,,89800,,39F 사업개발실,,,,
1. 해긴 비품 리스트,계절용품,선풍기,2026년도,EF,1.0,016,H-EF-016,르젠,LZEF-DC290,,89800,,40F QA팀,,,,
1. 해긴 비품 리스트,계절용품,선풍기,2026년도,EF,1.0,017,H-EF-017,르젠,LZEF-DC290,,89800,,40F QA팀,,,,
1. 해긴 비품 리스트,계절용품,선풍기,2026년도,EF,1.0,018,H-EF-018,르젠,LZEF-DC290,,89800,,40F,,,,
1. 해긴 비품 리스트,계절용품,선풍기,2026년도,EF,1.0,019,H-EF-019,르젠,LZEF-DC290,,89800,,40F,,,,
1. 해긴 비품 리스트,계절용품,선풍기,2026년도,EF,1.0,020,H-EF-020,르젠,LZEF-DC290,,89800,,40F,,,,
1. 해긴 비품 리스트,계절용품,선풍기,2026년도,EF,1.0,021,H-EF-021,르젠,LZEF-DC290,,89800,,40F,,,,
1. 해긴 비품 리스트,계절용품,선풍기,2026년도,EF,1.0,022,H-EF-022,신일,SIF-M10AG,,-,,39F,,,,
1. 해긴 비품 리스트,계절용품,선풍기,2026년도,EF,1.0,023,H-EF-023,르젠,LZEF-DC290,,89690,,38F 개발3팀 통로,,,,
1. 해긴 비품 리스트,계절용품,선풍기,2026년도,EF,1.0,024,H-EF-024,르젠,LZEF-DC290,,89690,,38F 개발3팀 통로,,,,
1. 해긴 비품 리스트,계절용품,선풍기,2026년도,EF,1.0,025,H-EF-025,르젠,LZEF-DC290,,89690,,39F 유소영 대리 뒤,,,,
1. 해긴 비품 리스트,계절용품,선풍기,2026년도,EF,1.0,026,H-EF-026,르젠,LZEF-DC290,,89690,,38F 개발실 중간,,,,
1. 해긴 비품 리스트,계절용품,선풍기,2026년도,EF,1.0,027,H-EF-027,르젠,LZEF-DC290,,89690,,40F 플투 김슬기 옆,,,,
1. 해긴 비품 리스트,계절용품,선풍기,2026년도,EF,1.0,028,H-EF-028,르젠,LZEF-DC290,,89690,,39F 오다혜 차장 옆,,,,
1. 해긴 비품 리스트,계절용품,냉풍기,2026년도,CF,1.0,001,H-CF-001,대웅,DWF-AN1083WS,,110000,,38F 서버실,,,,
1. 해긴 비품 리스트,계절용품,냉풍기,2026년도,CF,1.0,002,H-CF-002,대웅,DWF-AN1083WS,,110000,,38F 서버실,,,,
1. 해긴 비품 리스트,계절용품,냉풍기,2026년도,CF,1.0,003,H-CF-003,대웅,DWM-CF20,,210000,,38F 서버실,,,,
1. 해긴 비품 리스트,계절용품,냉풍기,2026년도,CF,1.0,004,H-CF-004,대웅,DWM-CF20,,210000,,38F 서버실,,,,
1. 해긴 비품 리스트,계절용품,냉풍기,2026년도,CF,27.0,005 ~ 032,H-CF-005 ~ H-CF-032,쿠오레,CAC-10T,,289750,,38F 창고,,,,
1. 해긴 비품 리스트,계절용품,온열기구,2026년도,HD,1.0,001,H-HD-001,한경희,HAAN-P3000,,79390,,38F 창고,,,,
1. 해긴 비품 리스트,계절용품,온열기구,2026년도,HD,1.0,002,H-HD-002,한경희,HAAN-P3000,,79390,,38F 창고,,,,
1. 해긴 비품 리스트,계절용품,온열기구,2026년도,HD,1.0,003,H-HD-003,신일,SEH-C200MH,,587160,,경기실 외부장,,,,
1. 해긴 비품 리스트,계절용품,온열기구,2026년도,HD,1.0,004,H-HD-004,위닉스,FFS300-W3,,93400,,경영기획실,,,,
1. 해긴 비품 리스트,탕비실&카페테리아,냉장고,2026년도,OP,1.0,001,H-OP-001,LG,B507SEM 507L,2019-09-01 00:00:00,600000.0,38F,탕비실,,,,
1. 해긴 비품 리스트,탕비실&카페테리아,음료냉장고,2026년도,OP,1.0,002,H-OP-002,라셀르,FRS-505RWE,2018,500000.0,38F,탕비실,,,,
1. 해긴 비품 리스트,탕비실&카페테리아,제빙기,2026년도,OP,1.0,003,H-OP-003,롯데,LIM-3500,2022-09-01 00:00:00,617800.0,38F,탕비실,,,,
1. 해긴 비품 리스트,탕비실&카페테리아,전자레인지,2026년도,OP,1.0,004,H-OP-004,삼성,MS23K3513AW,2023-01-01 00:00:00,92250.0,38F,탕비실,,,,
1. 해긴 비품 리스트,탕비실&카페테리아,전자레인지,2026년도,OP,2.0,005 ~ 006,H-OP-005 ~ 006,LG,MW23GD,2023-01-01 00:00:00,92250.0,38F,탕비실,,,,
1. 해긴 비품 리스트,탕비실&카페테리아,전기오븐,2026년도,OP,1.0,007,H-OP-007,발뮤다,K01K-KG,2022-10-01 00:00:00,134210.0,38F,탕비실,,,,
1. 해긴 비품 리스트,탕비실&카페테리아,전기온수기,2026년도,OP,1.0,008,H-OP-008,키친플라워,KEK-JP750WH,2018,51000.0,38F,탕비실,,,,
1. 해긴 비품 리스트,탕비실&카페테리아,커피머신기,2026년도,OP,1.0,009,H-OP-009,필립스,HD8832,2018,250000.0,38F,탕비실,,,,
1. 해긴 비품 리스트,탕비실&카페테리아,음식물처리기,2026년도,OP,1.0,010,H-OP-010,린클,RC-02,2023-03-01 00:00:00,746000.0,38F,탕비실,,,,
1. 해긴 비품 리스트,탕비실&카페테리아,냉장고,2026년도,OP,1.0,011,H-OP-011,LG,B507SEM 507L,2022-09-01 00:00:00,676790.0,39F,탕비실,,,,
1. 해긴 비품 리스트,탕비실&카페테리아,음료냉장고,2026년도,OP,1.0,012,H-OP-012,라셀르,FRS-505RWE,2022-09-01 00:00:00,563050.0,39F,탕비실,,,,
1. 해긴 비품 리스트,탕비실&카페테리아,제빙기,2026년도,OP,1.0,013,H-OP-013,포시엠,CM-50F,2023-02-01 00:00:00,723800.0,39F,탕비실,,,,
1. 해긴 비품 리스트,탕비실&카페테리아,전자레인지,2026년도,OP,1.0,014,H-OP-014,삼성,MS23K3513AW,2023-01-01 00:00:00,92250.0,39F,탕비실,,,,
1. 해긴 비품 리스트,탕비실&카페테리아,전자레인지,2026년도,OP,2.0,015 ~ 016,H-OP-015 ~ 016,LG,MW23GD,2022-09-01 00:00:00,131060.0,39F,탕비실,,,,
1. 해긴 비품 리스트,탕비실&카페테리아,전기 오븐,2026년도,OP,1.0,017,H-OP-017,발뮤다,K01K-KG,2022-10-01 00:00:00,290000.0,39F,탕비실,,,,
1. 해긴 비품 리스트,탕비실&카페테리아,전기온수기,2026년도,OP,1.0,018,H-OP-018,키친플라워,KEK-JP750WH,2023-03-01 00:00:00,51000.0,39F,탕비실,,,,
1. 해긴 비품 리스트,탕비실&카페테리아,커피머신기,2026년도,OP,1.0,019,H-OP-019,필립스,EP1224/03,2023-01-01 00:00:00,365000.0,39F,탕비실,,,,
1. 해긴 비품 리스트,탕비실&카페테리아,음식물처리기,2026년도,OP,1.0,020,H-OP-020,린클,RC-02,2023-03-01 00:00:00,746000.0,39F,탕비실,,,,
1. 해긴 비품 리스트,탕비실&카페테리아,냉장고,2026년도,OP,1.0,021,H-OP-021,LG,B507SEM 507L,2023-02-01 00:00:00,705630.0,40F,탕비실,,,,
1. 해긴 비품 리스트,탕비실&카페테리아,음료냉장고,2026년도,OP,1.0,022,H-OP-022,라셀르,FRS-505RWE,2023-02-01 00:00:00,539000.0,40F,탕비실,,,,
1. 해긴 비품 리스트,탕비실&카페테리아,제빙기,2026년도,OP,1.0,023,H-OP-023,롯데,LIM-3500,2022-09-01 00:00:00,617800.0,40F,탕비실,,,,
1. 해긴 비품 리스트,탕비실&카페테리아,전자레인지,2026년도,OP,3.0,024,H-OP-024,LG,MW23GD,2023-02-01 00:00:00,130000.0,40F,탕비실,,,,
1. 해긴 비품 리스트,탕비실&카페테리아,전기오븐,2026년도,OP,1.0,025,H-OP-025,발뮤다,K01K-KG,2023-03-01 00:00:00,260000.0,40F,탕비실,,,,
1. 해긴 비품 리스트,탕비실&카페테리아,전기온수기,2026년도,OP,1.0,026,H-OP-026,키친플라워,KEK-JP750WH,2023-03-01 00:00:00,51000.0,40F,탕비실,,,,
1. 해긴 비품 리스트,탕비실&카페테리아,커피머신기,2026년도,OP,1.0,027,H-OP-027,필립스,EP1224/03,2023-01-01 00:00:00,365000.0,40F,탕비실,,,,
1. 해긴 비품 리스트,탕비실&카페테리아,음식물처리기,2026년도,OP,1.0,028,H-OP-028,린클,RC-02,2023-03-01 00:00:00,746000.0,40F,탕비실,,,,
1. 해긴 비품 리스트,탕비실&카페테리아,카페 기자재,2026년도,CF,1.0,001,H-CF-001,훼마,E98 UP 2GR (커피 머신),2022-09-01 00:00:00,3850000.0,39F,사내카페,,,,
1. 해긴 비품 리스트,탕비실&카페테리아,카페 기자재,2026년도,CF,3.0,002 ~ 004,H-CF-002 ~ 004,피오렌자또,F64E (반자동 그라인더),2022-09-01 00:00:00,1870000.0,39F,사내카페,,,,
1. 해긴 비품 리스트,탕비실&카페테리아,카페 기자재,2026년도,CF,1.0,005,H-CF-005,나이스산업,NS-3000 (핫워터 디스펜서),2022-09-01 00:00:00,550000.0,39F,사내카페,,,,
1. 해긴 비품 리스트,탕비실&카페테리아,카페 기자재,2026년도,CF,1.0,006,H-CF-006,카이저,IMK-55W (수냉식 제빙기),2023-02-01 00:00:00,1507000.0,39F,사내카페,,,,
1. 해긴 비품 리스트,탕비실&카페테리아,카페 기자재,2026년도,CF,1.0,007,H-CF-007,카이저,NK-63W (수냉식 제빙기),2026-03-01 00:00:00,1200000.0,39F,사내카페,,,,
1. 해긴 비품 리스트,탕비실&카페테리아,카페 기자재,2026년도,CF,1.0,008,H-CF-008,아이스틸,아이스틸 1500 (카페 냉장고),2022-09-01 00:00:00,880000.0,39F,사내카페,,,,
1. 해긴 비품 리스트,탕비실&카페테리아,카페 기자재,2026년도,CF,1.0,009,H-CF-009,빅솔론,SPR-E300 (영수증 프린터),2022-09-01 00:00:00,165000.0,39F,사내카페,,,,
1. 해긴 비품 리스트,탕비실&카페테리아,카페 기자재,2026년도,CF,1.0,010,H-CF-010,키첸,KCBL100 (진공블렌더),2023-08-01 00:00:00,363100.0,39F,사내카페,,,,
1. 해긴 비품 리스트,탕비실&카페테리아,카페 기자재,2026년도,CF,1.0,011,H-CF-011,쿠잉전자,RS-S50B (미니 냉장고),2024-03-01 00:00:00,179000.0,39F,사내카페,,,,
1. 해긴 비품 리스트,탕비실&카페테리아,카페 기자재,2026년도,CF,1.0,012,H-CF-012,캐리어,CIC-322 (아이스크림 기계),2024-02-01 00:00:00,3080000.0,39F,사내카페,,,,
1. 해긴 비품 리스트,탕비실&카페테리아,카페 기자재,2026년도,T,1.0,001,H-T-001,삼성전자,갤럭시탭 S8 울트라,2025-12-01 00:00:00,819000.0,39F,사내카페,,,,
1. 해긴 비품 리스트,탕비실&카페테리아,카페테리아,2026년도,LT,16.0,001 ~ 016,H-LT-001 ~ 016,퍼시스,,2022-08-01 00:00:00,,38F,카페테리아,,,,
1. 해긴 비품 리스트,탕비실&카페테리아,카페테리아,2026년도,LT,25.0,017 ~ 041,H-LT-017 ~ 041,퍼시스,,2022-08-01 00:00:00,,39F,카페테리아,,,,
1. 해긴 비품 리스트,탕비실&카페테리아,카페테리아,2026년도,LT,8.0,042 ~ 049,H-LT-042 ~ 049,퍼시스,,2022-08-01 00:00:00,,40F,카페테리아,,,,
1. 해긴 비품 리스트,탕비실&카페테리아,카페테리아,2026년도,LC,36.0,001 ~ 036,H-LC-001 ~ 036,퍼시스,,2022-08-01 00:00:00,,38F,카페테리아,,,,
1. 해긴 비품 리스트,탕비실&카페테리아,카페테리아,2026년도,LC,63.0,037 ~ 099,H-LC-037 ~ 099,퍼시스,,2022-08-01 00:00:00,,39F,카페테리아,,,,
1. 해긴 비품 리스트,탕비실&카페테리아,카페테리아,2026년도,LC,11.0,100 ~ 110,H-LC-100 ~ 110,퍼시스,,2022-08-01 00:00:00,,40F,카페테리아,,,,
1. 해긴 비품 리스트,하이퍼라이즈 대여 비품,,,,,,,,,,,,,1.0,202.0,206.0,191
1. 해긴 비품 리스트,하이퍼라이즈 대여 비품,,,,,,,,,,,,,2.0,1.0,107.0,209
1. 해긴 비품 리스트,하이퍼라이즈 대여 비품,,,,,,,,,,,,,3.0,336.0,207.0,232
1. 해긴 비품 리스트,하이퍼라이즈 대여 비품,,,,,,,,,,,,,4.0,201.0,336.0,81
1. 해긴 비품 리스트,하이퍼라이즈 대여 비품,,,,,,,,,,,,,5.0,8.0,193.0,204
1. 해긴 비품 리스트,하이퍼라이즈 대여 비품,,,,,,,,,,,,,6.0,3.0,210.0,206
1. 해긴 비품 리스트,하이퍼라이즈 대여 비품,,,,,,,,,,,,,7.0,7.0,9.0,341
1. 해긴 비품 리스트,하이퍼라이즈 대여 비품,,,,,,,,,,,,,8.0,69.0,72.0,193
1. 해긴 비품 리스트,하이퍼라이즈 대여 비품,,,,,,,,,,,,,9.0,2.0,5.0,375
1. 해긴 비품 리스트,하이퍼라이즈 대여 비품,,,,,,,,,,,,,10.0,4.0,11.0,117
1. 해긴 비품 리스트,하이퍼라이즈 대여 비품,,,,,,,,,,,,,11.0,6.0,7.0,207
1. 해긴 비품 리스트,하이퍼라이즈 대여 비품,,,,,,,,,,,,,12.0,203.0,125.0,203
1. 해긴 비품 리스트,하이퍼라이즈 대여 비품,,,,,,,,,,,,,13.0,205.0,77.0,192
1. 해긴 비품 리스트,하이퍼라이즈 대여 비품,,,,,,,,,,,,,14.0,204.0,330.0,171
1. 해긴 비품 리스트,하이퍼라이즈 대여 비품,,,,,,,,,,,,,15.0,209.0,10.0,327
1. 해긴 비품 리스트,하이퍼라이즈 대여 비품,,,,,,,,,,,,,16.0,330.0,191.0,235
1. 해긴 비품 리스트,하이퍼라이즈 대여 비품,,,,,,,,,,,,,17.0,9.0,63.0,125
1. 해긴 비품 리스트,하이퍼라이즈 대여 비품,,,,,,,,,,,,,18.0,10.0,341.0,113
1. 해긴 비품 리스트,하이퍼라이즈 대여 비품,,,,,,,,,,,,,19.0,641.0,4.0,224
1. 해긴 비품 리스트,하이퍼라이즈 대여 비품,,,,,,,,,,,,,20.0,83.0,76.0,77
1. 해긴 비품 리스트,하이퍼라이즈 대여 비품,,,,,,,,,,,,,21.0,80.0,205.0,330
1. 해긴 비품 리스트,하이퍼라이즈 대여 비품,,,,,,,,,,,,,22.0,208.0,94.0,80
1. 해긴 비품 리스트,하이퍼라이즈 대여 비품,,,,,,,,,,,,,23.0,199.0,85.0,111
1. 해긴 비품 리스트,하이퍼라이즈 대여 비품,,,,,,,,,,,,,24.0,207.0,2.0,87
1. 해긴 비품 리스트,하이퍼라이즈 대여 비품,,,,,,,,,,,,,25.0,210.0,209.0,236
1. 해긴 비품 리스트,하이퍼라이즈 대여 비품,,,,,,,,,,,,,26.0,84.0,357.0,336
1. 해긴 비품 리스트,하이퍼라이즈 대여 비품,,,,,,,,,,,,,27.0,82.0,187.0,205
1. 해긴 비품 리스트,하이퍼라이즈 대여 비품,,,,,,,,,,,,,28.0,75.0,1.0,208
1. 해긴 비품 리스트,하이퍼라이즈 대여 비품,,,,,,,,,,,,,29.0,64.0,203.0,210
1. 해긴 비품 리스트,하이퍼라이즈 대여 비품,,,,,,,,,,,,,30.0,73.0,3.0,번호없음
1. 해긴 비품 리스트,하이퍼라이즈 대여 비품,,,,,,,,,,,,,31.0,71.0,188.0,번호없음
1. 해긴 비품 리스트,하이퍼라이즈 대여 비품,,,,,,,,,,,,,32.0,72.0,78.0,번호없음
1. 해긴 비품 리스트,하이퍼라이즈 대여 비품,,,,,,,,,,,,,33.0,74.0,8.0,번호없음
1. 해긴 비품 리스트,하이퍼라이즈 대여 비품,,,,,,,,,,,,,34.0,78.0,232.0,번호없음
1. 해긴 비품 리스트,하이퍼라이즈 대여 비품,,,,,,,,,,,,,35.0,5.0,54.0,번호없음
1. 해긴 비품 리스트,하이퍼라이즈 대여 비품,,,,,,,,,,,,,36.0,79.0,87.0,번호없음
1. 해긴 비품 리스트,하이퍼라이즈 대여 비품,,,,,,,,,,,,,37.0,77.0,117.0,번호없음
1. 해긴 비품 리스트,하이퍼라이즈 대여 비품,,,,,,,,,,,,,38.0,76.0,204.0,번호없음
1. 해긴 비품 리스트,하이퍼라이즈 대여 비품,,,,,,,,,,,,,39.0,70.0,6.0,번호없음
1. 해긴 비품 리스트,하이퍼라이즈 대여 비품,,,,,,,,,,,,,40.0,68.0,92.0,번호없음
1. 해긴 비품 리스트,하이퍼라이즈 대여 비품,,,,,,,,,,,,,41.0,206.0,326.0,번호없음
1. 해긴 비품 리스트,하이퍼라이즈 대여 비품,,,,,,,,,,,,,42.0,200.0,91.0,번호없음
